Round,Category,Value,Question,Answer,IsDailyDouble,MediaType,MediaUrl
single,Tech Pioneers,200,"In 1976, this duo founded Apple Computer in a garage in Los Altos, California.",Steve Jobs and Steve Wozniak,FALSE,Image,https://mir-s3-cdn-cf.behance.net/project_modules/max_1200/5eeea355389655.59822ff824b72.gif
single,Tech Pioneers,400,This British mathematician is widely considered the father of theoretical computer science and artificial intelligence.,Alan Turing,FALSE,none,
single,Tech Pioneers,600,This operating system's mascot is a friendly penguin named Tux.,Linux,FALSE,none,
single,Tech Pioneers,800,She is celebrated as the world's first computer programmer for her work on Babbage's Analytical Engine.,Ada Lovelace,FALSE,none,
single,Tech Pioneers,1000,"In 1993, this browser was released, credited with popularizing the World Wide Web.",Mosaic,FALSE,none,
single,Science & Nature,200,This planet is closest to the Sun and experiences extreme temperature swings.,Mercury,FALSE,none,
single,Science & Nature,400,"This is the only mammal capable of true, sustained flight.",The Bat,FALSE,none,
single,Science & Nature,600,"This cosmic cloud of gas and dust is where new stars are born, like the one shown in this image.",Nebula,FALSE,image,https://images.unsplash.com/photo-1464802686167-b939a6910659?w=800
single,Science & Nature,800,"This organelle is known as the powerhouse of the cell, generating chemical energy.",Mitochondria,TRUE,none,
single,Science & Nature,1000,"This scale measures the hardness of minerals, with talc at 1 and diamond at 10.",Mohs scale,FALSE,none,
single,World Capitals,200,This capital city features the iconic Eiffel Tower.,Paris,FALSE,none,
single,World Capitals,400,It is the capital and largest city of Japan.,Tokyo,FALSE,none,
single,World Capitals,600,This capital city lies on the Tiber River and is home to the Colosseum.,Rome,FALSE,none,
single,World Capitals,800,"Located on the Potomac River, this city is the capital of the United States.",Washington D.C.,FALSE,none,
single,World Capitals,1000,This European capital city's landmark Brandenburg Gate was once situated in the 'no man's land' behind the Berlin Wall.,Berlin,FALSE,none,
single,Pop Culture,200,This fictional secret agent is also known by the code number 007.,James Bond,FALSE,none,
single,Pop Culture,400,This pop star released the smash hit album 'Thriller' in 1982.,Michael Jackson,FALSE,none,
single,Pop Culture,600,This premium fantasy drama television series features House Stark and House Lannister.,Game of Thrones,FALSE,none,
single,Pop Culture,800,This actor played Neo in the iconic sci-fi action franchise 'The Matrix'.,Keanu Reeves,FALSE,none,
single,Pop Culture,1000,This 1994 film starring Tom Hanks won the Oscar for Best Picture and popularised the phrase 'Life is like a box of chocolates'.,Forrest Gump,FALSE,none,
single,Food & Drink,200,This beverage is made from fermented grapes.,Wine,FALSE,none,
single,Food & Drink,400,This sweet substance is produced by bees using nectar from flowers.,Honey,FALSE,none,
single,Food & Drink,600,This Italian dish's name literally translates to 'cooked cream'.,Panna Cotta,FALSE,none,
single,Food & Drink,800,"This green paste, often served with sushi, is also known as Japanese horseradish.",Wasabi,FALSE,none,
single,Food & Drink,1000,This popular carbonated soft drink was originally invented as a temperance drink and patent medicine by John Pemberton.,Coca-Cola,FALSE,none,
single,Mythology,200,"In Greek mythology, he is the king of the gods and ruler of Mount Olympus.",Zeus,FALSE,none,
single,Mythology,400,This Roman god of war is the namesake of the fourth planet from the Sun.,Mars,FALSE,none,
single,Mythology,600,"In Norse mythology, this god wields the mighty hammer Mjolnir.",Thor,FALSE,none,
single,Mythology,800,This winged horse sprang from the blood of the gorgon Medusa when she was decapitated.,Pegasus,FALSE,none,
single,Mythology,1000,This Egyptian god with the head of a jackal is associated with mummification and the afterlife.,Anubis,FALSE,none,
double,Space Exploration,400,"In 1969, this Apollo mission successfully landed the first humans on the Moon.",Apollo 11,FALSE,none,
double,Space Exploration,800,"This is the largest planet in our solar system, famous for its Great Red Spot.",Jupiter,FALSE,none,
double,Space Exploration,1200,"This telescope, launched in 2021, is the successor to the Hubble Space Telescope.",James Webb Space Telescope,FALSE,none,
double,Space Exploration,1600,"This is the boundary surrounding a black hole from which nothing, not even light, can escape.",Event Horizon,FALSE,none,
double,Space Exploration,2000,"This massive canyon system on Mars is over 4,000 km long, dwarfing Earth's Grand Canyon.",Valles Marineris,FALSE,none,
double,Historical Events,400,This historic wall that divided a major German city fell in November 1989.,The Berlin Wall,FALSE,none,
double,Historical Events,800,"This document, signed in 1215, limited the power of the English monarchy.",Magna Carta,FALSE,none,
double,Historical Events,1200,"This structure began construction in the 3rd century BC to protect against invasions.",Great Wall of China,TRUE,image,https://images.unsplash.com/photo-1508672019048-805c876b67e2?w=800
double,Historical Events,1600,This French military leader crowned himself Emperor in 1804 and was later exiled to Elba.,Napoleon Bonaparte,FALSE,none,
double,Historical Events,2000,"This peace treaty, signed in 1919, officially ended World War I.",Treaty of Versailles,FALSE,none,
double,Literature Classics,400,"This William Shakespeare play features the famous line 'To be, or not to be'.",Hamlet,FALSE,none,
double,Literature Classics,800,This 1851 novel by Herman Melville details Captain Ahab's obsessive quest.,Moby-Dick,FALSE,none,
double,Literature Classics,1200,This dystopian novel by George Orwell features the omnipresent leader Big Brother.,1984,FALSE,none,
double,Literature Classics,1600,This Russian author wrote the sweeping historical epic 'War and Peace'.,Leo Tolstoy,FALSE,none,
double,Literature Classics,2000,This Latin phrase meaning 'seize the day' is famously featured in Horace's Odes and the film 'Dead Poets Society'.,Carpe Diem,FALSE,none,
double,Computer Science,400,"This data structure operates on a 'Last-In, First-Out' (LIFO) basis.",Stack,FALSE,none,
double,Computer Science,800,This search algorithm has a time complexity of O(log n) on sorted arrays.,Binary Search,FALSE,none,
double,Computer Science,1200,This dynamic programming algorithm is commonly used to find the shortest paths between nodes in a graph.,Dijkstra's Algorithm,FALSE,none,
double,Computer Science,1600,This CSS layout model allows easy design of responsive flexible grid layouts.,Flexbox,TRUE,none,
double,Computer Science,2000,"This programming language, created by Bjarne Stroustrup in 1983, added object-oriented features to C.",C++,FALSE,none,
double,Animal Kingdom,400,This giant marine mammal is the largest animal ever known to have lived.,Blue Whale,FALSE,none,
double,Animal Kingdom,800,This bird is famously known for its ability to mimic human speech.,Parrot,FALSE,none,
double,Animal Kingdom,1200,This ocean predator possesses ampullae of Lorenzini to detect electrical fields.,Shark,FALSE,none,
double,Animal Kingdom,1600,This is the only species of bear native to South America.,Spectacled Bear,FALSE,none,
double,Animal Kingdom,2000,This marsupial is native to Australia and is known for its incredibly slow movement and sleeping up to 20 hours a day.,Koala,FALSE,none,
double,Word Play,400,"This term refers to a word, phrase, or sequence that reads the same backward as forward.",Palindrome,FALSE,none,
double,Word Play,800,This 11-letter word meaning 'unavoidable' contains all five vowels exactly once.,Inevitable,FALSE,none,
double,Word Play,1200,Combining 'smoke' and 'fog' yields this common word for air pollution.,Smog,FALSE,none,
double,Word Play,1600,This term refers to a word that is pronounced the same as another word but differs in meaning.,Homophone,FALSE,none,
double,Word Play,2000,Rearrange the letters of the word 'LISTEN' to form this quiet synonym.,Silent,FALSE,none,
final,Future Tech,,This 2-word phrase coined by John McCarthy in 1956 is now a multi-billion dollar industry transforming global technology.,Artificial Intelligence,FALSE,none,